iter	RMSE
0	269.8120977
1	264.0557106
